Model,RMSE,MAE,R2
Random Forest,18.611477864495793,4.077728547392035,0.956895490504687
Ridge Regression,25.23496302154427,16.71115684578253,0.9207560103597923
XGBoost,20.87388109167886,5.075790107083066,0.9457790156672214
