Model,RMSE,MAE,R2
Random Forest,18.77714518118652,4.138059450364554,0.9551335256355887
Ridge Regression,25.351378029035427,16.79485792364425,0.9182164500178733
XGBoost,20.00502520039842,5.085304513782581,0.9490738293492648
