Model,RMSE,MAE,R2
Random Forest,18.25906449188733,3.980302860347728,0.9587943676211931
Ridge Regression,25.26454777172981,16.843350504018346,0.9211098837094228
XGBoost,18.85302330486643,4.730634941789988,0.9560699652096585
