Model,RMSE,MAE,R2
Random Forest,72.35714532788036,60.79200000000001,-0.11827636885066473
Ridge Regression,71.39553639409762,60.27546565493486,-0.08875063210093659
XGBoost,80.757836307073,66.55923461914062,-0.39301466941833496
