Model,RMSE,MAE,R2
Random Forest,18.44249173974024,4.0445372966909705,0.9570296280373183
Ridge Regression,25.524718443139218,17.143336966554884,0.9176901446967904
XGBoost,20.290396507605934,5.164173991641367,0.9479871099389615
