Model,RMSE,MAE,R2
Random Forest,18.66731950942217,4.106601233875491,0.9558046647458387
Ridge Regression,25.32102432196609,16.795651293849083,0.9186841789117971
XGBoost,19.559831654715826,4.901301662639761,0.9514775483305071
