Model,RMSE,MAE,R2
Random Forest,19.23210101119825,4.239910313901344,0.9559194266145408
Ridge Regression,25.289550835362594,16.626044535881828,0.9237787609649664
XGBoost,21.01369055541621,5.184703175797056,0.9473742331185978
